"","SNP","other_allele.exposure","effect_allele.exposure","beta.exposure","se.exposure","pval.exposure","effect_allele.outcome","other_allele.outcome","beta.outcome","se.outcome","pval.outcome"
"1","1:109818306","G","T",0.11,0.00385,5.88e-179,"T","G",0.0022,0.0275,0.9364
"2","1:63025942","G","T",0.0477,0.00336,7.82e-46,"T","G",-0.0152,0.0241,0.5285
"3","10:113933886","A","G",0.0261,0.00359,4.16e-13,"A","G",-0.0023,0.0244,0.9238
"4","11:116648917","G","C",-0.0811,0.00472,3.92e-66,"C","G",-0.0645,0.0326,0.04797
"5","11:126243952","G","A",0.034,0.00471,5.05e-13,"A","G",0.0048,0.0356,0.8927
"6","11:61569830","C","T",-0.0348,0.00337,5.5e-25,"T","C",0.0168,0.0239,0.483
"7","12:112072424","A","G",0.0239,0.00325,2.14e-13,"A","G",0.0273,0.0232,0.2399
"8","12:121416650","A","C",-0.0338,0.00348,2.25e-22,"A","C",-0.0036,0.0241,0.8804
"9","14:24883887","G","A",0.0195,0.00321,1.1e-09,"A","G",-0.0277,0.0224,0.2164
"10","16:56993324","C","A",-0.0485,0.00342,1.31e-45,"A","C",-0.0294,0.0245,0.229
"11","16:72108093","G","A",0.0564,0.00409,3.21e-43,"A","G",-0.047,0.028,0.09349
"12","17:64210580","A","C",-0.0655,0.00944,4.08e-12,"A","C",-0.0472,0.0604,0.4342
"13","19:11202306","G","T",-0.191,0.00494,9.88131291682493e-324,"T","G",-0.0249,0.034,0.465
"14","19:45422946","A","G",-0.196,0.00405,9.88131291682493e-324,"A","G",0.0348,0.0331,0.2926
"15","2:118835841","G","A",-0.0376,0.00578,7.66e-11,"A","G",-0.0637,0.0426,0.1349
"16","2:44065090","G","A",-0.11,0.00662,6.63e-62,"A","G",-0.0409,0.0465,0.3799
"17","3:32533010","C","T",-0.0339,0.00561,1.53e-09,"T","C",0.0289,0.0397,0.4678
"18","4:3473139","A","G",-0.0192,0.00325,3.13e-09,"A","G",0.0284,0.0227,0.2117
"19","5:122855416","G","A",0.0232,0.00321,4.89e-13,"A","G",0.0053,0.0225,0.8135
"20","5:131744574","T","C",0.0224,0.00409,4.54e-08,"T","C",0.0043,0.0279,0.8786
"21","5:156390297","T","C",-0.0383,0.00332,9.55e-31,"T","C",0.0057,0.0238,0.8097
"22","6:160578860","T","C",-0.0452,0.00426,2.34e-26,"T","C",-0.0348,0.0319,0.276
"23","6:16145325","A","G",0.0227,0.00321,1.69e-12,"A","G",-0.0109,0.0225,0.6283
"24","6:26093141","G","A",-0.0533,0.00595,3.33e-19,"A","G",-0.0144,0.0503,0.7745
"25","6:32412435","G","A",0.0419,0.00436,7.51e-22,"A","G",0.104,0.0317,0.001031
"26","7:25991826","T","C",-0.0308,0.0044,2.45e-12,"T","C",0.0172,0.0305,0.5737
"27","8:59388565","T","C",0.0372,0.00339,5.54e-28,"T","C",0.0244,0.026,0.3476
"28","8:9183358","A","G",-0.0397,0.00553,7.03e-13,"A","G",0.0071,0.0408,0.8614
