,SNP,chrpos.exposure,effect_allele.exposure,other_allele.exposure,beta.exposure,se.exposure,pval.exposure,chrpos.outcome,effect_allele.outcome,other_allele.outcome,eaf.outcome,beta.outcome,pval.outcome,se.outcome,Wald,Waldvar,lab,id.exposure,exposure,id.outcome,outcome,mr_keep
1,rs10062361,5:74565153,T,C,0.066717,0.0039256,9.9721e-65,5:74565153,T,C,0.2222,0.0061,0.828,0.0282,0.0914309696179385,0.178659122884278,rs10062361,UKB,LDL-C,Blauwendraat,PD,TRUE
2,rs11206510,1:55496039,C,T,0.050126,0.0041043,2.7332e-34,1:55496039,T,C,0.8088,0.009,0.7563,0.0292,0.179547540198699,0.339343553522942,rs11206510,UKB,LDL-C,Blauwendraat,PD,TRUE
3,rs12714264,2:21265518,T,A,0.096566,0.004815,2.2744e-89,2:21265518,A,T,0.8601,-0.0658,0.05318,0.034,-0.681399250253713,0.123967930038698,rs12714264,UKB,LDL-C,Blauwendraat,PD,TRUE
4,rs2073547,7:44582331,G,A,-0.040959,0.0041382,4.3086e-23,7:44582331,A,G,0.7227,-0.0467,0.1315,0.031,1.1401645547987,0.572828606096853,rs2073547,UKB,LDL-C,Blauwendraat,PD,TRUE
5,rs2495477,1:55518467,G,A,0.037018,0.0033441,1.796e-28,1:55518467,A,G,0.6069,0.0196,0.4695,0.027,0.529472148684424,0.531987742850617,rs2495477,UKB,LDL-C,Blauwendraat,PD,TRUE
6,rs4341893,2:21135577,G,A,0.040996,0.0033505,2.067e-34,2:21135577,A,G,0.3247,0.0277,0.2785,0.0256,0.675675675675676,0.38993925867806,rs4341893,UKB,LDL-C,Blauwendraat,PD,TRUE